العربية,اللهجة
"أَلِف","فصحى"
"أَلِف","مصري"
"أَلِف","شامي"
"أَلِف","خليجي"
"أَلِف","مغربي"
"بَاء","فصحى"
"بَاء","مصري"
"بَاء","شامي"
"بَاء","خليجي"
"بَاء","مغربي"
"تَاء","فصحى"
"تَاء","مصري"
"تَاء","شامي"
"تَاء","خليجي"
"تَاء","مغربي"
"ثَاء","فصحى"
"ثَاء","مصري"
"ثَاء","شامي"
"ثَاء","خليجي"
"ثَاء","مغربي"
"جِيم","فصحى"
"جِيم","مصري"
"جِيم","شامي"
"جِيم","خليجي"
"جِيم","مغربي"
"حَاء","فصحى"
"حَاء","مصري"
"حَاء","شامي"
"حَاء","خليجي"
"حَاء","مغربي"
"خَاء","فصحى"
"خَاء","مصري"
"خَاء","شامي"
"خَاء","خليجي"
"خَاء","مغربي"
"دَال","فصحى"
"دَال","مصري"
"دَال","شامي"
"دَال","خليجي"
"دَال","مغربي"
"ذَال","فصحى"
"ذَال","مصري"
"ذَال","شامي"
"ذَال","خليجي"
"ذَال","مغربي"
"رَاء","فصحى"
"رَاء","مصري"
"رَاء","شامي"
"رَاء","خليجي"
"رَاء","مغربي"
"زَاي","فصحى"
"زَاي","مصري"
"زَاي","شامي"
"زَاي","خليجي"
"زَاي","مغربي"
"سِين","فصحى"
"سِين","مصري"
"سِين","شامي"
"سِين","خليجي"
"سِين","مغربي"
"شِين","فصحى"
"شِين","مصري"
"شِين","شامي"
"شِين","خليجي"
"شِين","مغربي"
"صَاد","فصحى"
"صَاد","مصري"
"صَاد","شامي"
"صَاد","خليجي"
"صَاد","مغربي"
"ضَاد","فصحى"
"ضَاد","مصري"
"ضَاد","شامي"
"ضَاد","خليجي"
"ضَاد","مغربي"
"طَاء","فصحى"
"طَاء","مصري"
"طَاء","شامي"
"طَاء","خليجي"
"طَاء","مغربي"
"ظَاء","فصحى"
"ظَاء","مصري"
"ظَاء","شامي"
"ظَاء","خليجي"
"ظَاء","مغربي"
"عَيْن","فصحى"
"عَيْن","مصري"
"عَيْن","شامي"
"عَيْن","خليجي"
"عَيْن","مغربي"
"غَيْن","فصحى"
"غَيْن","مصري"
"غَيْن","شامي"
"غَيْن","خليجي"
"غَيْن","مغربي"
"فَاء","فصحى"
"فَاء","مصري"
"فَاء","شامي"
"فَاء","خليجي"
"فَاء","مغربي"
"قَاف","فصحى"
"قَاف","مصري"
"قَاف","شامي"
"قَاف","خليجي"
"قَاف","مغربي"
"كَاف","فصحى"
"كَاف","مصري"
"كَاف","شامي"
"كَاف","خليجي"
"كَاف","مغربي"
"لاَم","فصحى"
"لاَم","مصري"
"لاَم","شامي"
"لاَم","خليجي"
"لاَم","مغربي"
"مِيم","فصحى"
"مِيم","مصري"
"مِيم","شامي"
"مِيم","خليجي"
"مِيم","مغربي"
"نُون","فصحى"
"نُون","مصري"
"نُون","شامي"
"نُون","خليجي"
"نُون","مغربي"
"هَاء","فصحى"
"هَاء","مصري"
"هَاء","شامي"
"هَاء","خليجي"
"هَاء","مغربي"
"وَاو","فصحى"
"وَاو","مصري"
"وَاو","شامي"
"وَاو","خليجي"
"وَاو","مغربي"
"يَاء","فصحى"
"يَاء","مصري"
"يَاء","شامي"
"يَاء","خليجي"
"يَاء","مغربي"
"حَرْف الأَلِف","فصحى"
"حَرْف الأَلِف","مصري"
"حَرْف الأَلِف","شامي"
"حَرْف الأَلِف","خليجي"
"حَرْف الأَلِف","مغربي"
"حَرْف البَاء","فصحى"
"حَرْف البَاء","مصري"
"حَرْف البَاء","شامي"
"حَرْف البَاء","خليجي"
"حَرْف البَاء","مغربي"
"حَرْف التَاء","فصحى"
"حَرْف التَاء","مصري"
"حَرْف التَاء","شامي"
"حَرْف التَاء","خليجي"
"حَرْف التَاء","مغربي"
"حَرْف الثَاء","فصحى"
"حَرْف الثَاء","مصري"
"حَرْف الثَاء","شامي"
"حَرْف الثَاء","خليجي"
"حَرْف الثَاء","مغربي"
"حَرْف الجِيم","فصحى"
"حَرْف الجِيم","مصري"
"حَرْف الجِيم","شامي"
"حَرْف الجِيم","خليجي"
"حَرْف الجِيم","مغربي"
"حَرْف الحَاء","فصحى"
"حَرْف الحَاء","مصري"
"حَرْف الحَاء","شامي"
"حَرْف الحَاء","خليجي"
"حَرْف الحَاء","مغربي"
"حَرْف الخَاء","فصحى"
"حَرْف الخَاء","مصري"
"حَرْف الخَاء","شامي"
"حَرْف الخَاء","خليجي"
"حَرْف الخَاء","مغربي"
"حَرْف الدَال","فصحى"
"حَرْف الدَال","مصري"
"حَرْف الدَال","شامي"
"حَرْف الدَال","خليجي"
"حَرْف الدَال","مغربي"
"حَرْف الذَال","فصحى"
"حَرْف الذَال","مصري"
"حَرْف الذَال","شامي"
"حَرْف الذَال","خليجي"
"حَرْف الذَال","مغربي"
"حَرْف الرَاء","فصحى"
"حَرْف الرَاء","مصري"
"حَرْف الرَاء","شامي"
"حَرْف الرَاء","خليجي"
"حَرْف الرَاء","مغربي"
"حَرْف الزَاي","فصحى"
"حَرْف الزَاي","مصري"
"حَرْف الزَاي","شامي"
"حَرْف الزَاي","خليجي"
"حَرْف الزَاي","مغربي"
"حَرْف السِين","فصحى"
"حَرْف السِين","مصري"
"حَرْف السِين","شامي"
"حَرْف السِين","خليجي"
"حَرْف السِين","مغربي"
"حَرْف الشِين","فصحى"
"حَرْف الشِين","مصري"
"حَرْف الشِين","شامي"
"حَرْف الشِين","خليجي"
"حَرْف الشِين","مغربي"
"حَرْف الصَاد","فصحى"
"حَرْف الصَاد","مصري"
"حَرْف الصَاد","شامي"
"حَرْف الصَاد","خليجي"
"حَرْف الصَاد","مغربي"
"حَرْف الضَاد","فصحى"
"حَرْف الضَاد","مصري"
"حَرْف الضَاد","شامي"
"حَرْف الضَاد","خليجي"
"حَرْف الضَاد","مغربي"
"حَرْف الطَاء","فصحى"
"حَرْف الطَاء","مصري"
"حَرْف الطَاء","شامي"
"حَرْف الطَاء","خليجي"
"حَرْف الطَاء","مغربي"
"حَرْف الظَاء","فصحى"
"حَرْف الظَاء","مصري"
"حَرْف الظَاء","شامي"
"حَرْف الظَاء","خليجي"
"حَرْف الظَاء","مغربي"
"حَرْف العَيْن","فصحى"
"حَرْف العَيْن","مصري"
"حَرْف العَيْن","شامي"
"حَرْف العَيْن","خليجي"
"حَرْف العَيْن","مغربي"
"حَرْف الغَيْن","فصحى"
"حَرْف الغَيْن","مصري"
"حَرْف الغَيْن","شامي"
"حَرْف الغَيْن","خليجي"
"حَرْف الغَيْن","مغربي"
"حَرْف الفَاء","فصحى"
"حَرْف الفَاء","مصري"
"حَرْف الفَاء","شامي"
"حَرْف الفَاء","خليجي"
"حَرْف الفَاء","مغربي"
"حَرْف القَاف","فصحى"
"حَرْف القَاف","مصري"
"حَرْف القَاف","شامي"
"حَرْف القَاف","خليجي"
"حَرْف القَاف","مغربي"
"حَرْف الكَاف","فصحى"
"حَرْف الكَاف","مصري"
"حَرْف الكَاف","شامي"
"حَرْف الكَاف","خليجي"
"حَرْف الكَاف","مغربي"
"حَرْف اللاَم","فصحى"
"حَرْف اللاَم","مصري"
"حَرْف اللاَم","شامي"
"حَرْف اللاَم","خليجي"
"حَرْف اللاَم","مغربي"
"حَرْف المِيم","فصحى"
"حَرْف المِيم","مصري"
"حَرْف المِيم","شامي"
"حَرْف المِيم","خليجي"
"حَرْف المِيم","مغربي"
"حَرْف النُون","فصحى"
"حَرْف النُون","مصري"
"حَرْف النُون","شامي"
"حَرْف النُون","خليجي"
"حَرْف النُون","مغربي"
"حَرْف الهَاء","فصحى"
"حَرْف الهَاء","مصري"
"حَرْف الهَاء","شامي"
"حَرْف الهَاء","خليجي"
"حَرْف الهَاء","مغربي"
"حَرْف الوَاو","فصحى"
"حَرْف الوَاو","مصري"
"حَرْف الوَاو","شامي"
"حَرْف الوَاو","خليجي"
"حَرْف الوَاو","مغربي"
"حَرْف اليَاء","فصحى"
"حَرْف اليَاء","مصري"
"حَرْف اليَاء","شامي"
"حَرْف اليَاء","خليجي"
"حَرْف اليَاء","مغربي"
"أَسَد","فصحى"
"أَسَد","مصري"
"أَسَد","شامي"
"أَسَد","خليجي"
"أَسَد","مغربي"
"أُم","فصحى"
"أُم","مصري"
"أُم","شامي"
"أُم","خليجي"
"أُم","مغربي"
"أَرْنَب","فصحى"
"أَرْنَب","مصري"
"أَرْنَب","شامي"
"أَرْنَب","خليجي"
"أَرْنَب","مغربي"
"بَاب","فصحى"
"بَاب","مصري"
"بَاب","شامي"
"بَاب","خليجي"
"بَاب","مغربي"
"بَيْت","فصحى"
"بَيْت","مصري"
"بَيْت","شامي"
"بَيْت","خليجي"
"بَيْت","مغربي"
"بَحْر","فصحى"
"بَحْر","مصري"
"بَحْر","شامي"
"بَحْر","خليجي"
"بَحْر","مغربي"
"تَمْر","فصحى"
"تَمْر","مصري"
"تَمْر","شامي"
"تَمْر","خليجي"
"تَمْر","مغربي"
"تِلْك","فصحى"
"تِلْك","مصري"
"تِلْك","شامي"
"تِلْك","خليجي"
"تِلْك","مغربي"
"تَاج","فصحى"
"تَاج","مصري"
"تَاج","شامي"
"تَاج","خليجي"
"تَاج","مغربي"
"ثَلْج","فصحى"
"ثَلْج","مصري"
"ثَلْج","شامي"
"ثَلْج","خليجي"
"ثَلْج","مغربي"
"ثَعْلَب","فصحى"
"ثَعْلَب","مصري"
"ثَعْلَب","شامي"
"ثَعْلَب","خليجي"
"ثَعْلَب","مغربي"
"ثَوْر","فصحى"
"ثَوْر","مصري"
"ثَوْر","شامي"
"ثَوْر","خليجي"
"ثَوْر","مغربي"
"جَمَل","فصحى"
"جَمَل","مصري"
"جَمَل","شامي"
"جَمَل","خليجي"
"جَمَل","مغربي"
"جَزَر","فصحى"
"جَزَر","مصري"
"جَزَر","شامي"
"جَزَر","خليجي"
"جَزَر","مغربي"
"جَبَل","فصحى"
"جَبَل","مصري"
"جَبَل","شامي"
"جَبَل","خليجي"
"جَبَل","مغربي"
"حَبْل","فصحى"
"حَبْل","مصري"
"حَبْل","شامي"
"حَبْل","خليجي"
"حَبْل","مغربي"
"حِصَان","فصحى"
"حِصَان","مصري"
"حِصَان","شامي"
"حِصَان","خليجي"
"حِصَان","مغربي"
"حُبّ","فصحى"
"حُبّ","مصري"
"حُبّ","شامي"
"حُبّ","خليجي"
"حُبّ","مغربي"
"خُبْز","فصحى"
"خُبْز","مصري"
"خُبْز","شامي"
"خُبْز","خليجي"
"خُبْز","مغربي"
"خَيْر","فصحى"
"خَيْر","مصري"
"خَيْر","شامي"
"خَيْر","خليجي"
"خَيْر","مغربي"
"خَاتَم","فصحى"
"خَاتَم","مصري"
"خَاتَم","شامي"
"خَاتَم","خليجي"
"خَاتَم","مغربي"
"دَرْس","فصحى"
"دَرْس","مصري"
"دَرْس","شامي"
"دَرْس","خليجي"
"دَرْس","مغربي"
"دَم","فصحى"
"دَم","مصري"
"دَم","شامي"
"دَم","خليجي"
"دَم","مغربي"
"دِيك","فصحى"
"دِيك","مصري"
"دِيك","شامي"
"دِيك","خليجي"
"دِيك","مغربي"
"ذَهَب","فصحى"
"ذَهَب","مصري"
"ذَهَب","شامي"
"ذَهَب","خليجي"
"ذَهَب","مغربي"
"ذُبَاب","فصحى"
"ذُبَاب","مصري"
"ذُبَاب","شامي"
"ذُبَاب","خليجي"
"ذُبَاب","مغربي"
"ذَكَر","فصحى"
"ذَكَر","مصري"
"ذَكَر","شامي"
"ذَكَر","خليجي"
"ذَكَر","مغربي"
"رَجُل","فصحى"
"رَجُل","مصري"
"رَجُل","شامي"
"رَجُل","خليجي"
"رَجُل","مغربي"
"رِيشَة","فصحى"
"رِيشَة","مصري"
"رِيشَة","شامي"
"رِيشَة","خليجي"
"رِيشَة","مغربي"
"رُمْح","فصحى"
"رُمْح","مصري"
"رُمْح","شامي"
"رُمْح","خليجي"
"رُمْح","مغربي"
"زَرَافَة","فصحى"
"زَرَافَة","مصري"
"زَرَافَة","شامي"
"زَرَافَة","خليجي"
"زَرَافَة","مغربي"
"زَيْت","فصحى"
"زَيْت","مصري"
"زَيْت","شامي"
"زَيْت","خليجي"
"زَيْت","مغربي"
"زُجَاج","فصحى"
"زُجَاج","مصري"
"زُجَاج","شامي"
"زُجَاج","خليجي"
"زُجَاج","مغربي"
"سَمَك","فصحى"
"سَمَك","مصري"
"سَمَك","شامي"
"سَمَك","خليجي"
"سَمَك","مغربي"
"سُكَّر","فصحى"
"سُكَّر","مصري"
"سُكَّر","شامي"
"سُكَّر","خليجي"
"سُكَّر","مغربي"
"سَيَّارَة","فصحى"
"سَيَّارَة","مصري"
"سَيَّارَة","شامي"
"سَيَّارَة","خليجي"
"سَيَّارَة","مغربي"
"شَمْس","فصحى"
"شَمْس","مصري"
"شَمْس","شامي"
"شَمْس","خليجي"
"شَمْس","مغربي"
"شَجَرَة","فصحى"
"شَجَرَة","مصري"
"شَجَرَة","شامي"
"شَجَرَة","خليجي"
"شَجَرَة","مغربي"
"شَاي","فصحى"
"شَاي","مصري"
"شَاي","شامي"
"شَاي","خليجي"
"شَاي","مغربي"
"صَبْر","فصحى"
"صَبْر","مصري"
"صَبْر","شامي"
"صَبْر","خليجي"
"صَبْر","مغربي"
"صَخْر","فصحى"
"صَخْر","مصري"
"صَخْر","شامي"
"صَخْر","خليجي"
"صَخْر","مغربي"
"صُوف","فصحى"
"صُوف","مصري"
"صُوف","شامي"
"صُوف","خليجي"
"صُوف","مغربي"
"ضِفْدَع","فصحى"
"ضِفْدَع","مصري"
"ضِفْدَع","شامي"
"ضِفْدَع","خليجي"
"ضِفْدَع","مغربي"
"ضَرْب","فصحى"
"ضَرْب","مصري"
"ضَرْب","شامي"
"ضَرْب","خليجي"
"ضَرْب","مغربي"
"ضَوْء","فصحى"
"ضَوْء","مصري"
"ضَوْء","شامي"
"ضَوْء","خليجي"
"ضَوْء","مغربي"
"طَيْر","فصحى"
"طَيْر","مصري"
"طَيْر","شامي"
"طَيْر","خليجي"
"طَيْر","مغربي"
"طُوب","فصحى"
"طُوب","مصري"
"طُوب","شامي"
"طُوب","خليجي"
"طُوب","مغربي"
"طَالِب","فصحى"
"طَالِب","مصري"
"طَالِب","شامي"
"طَالِب","خليجي"
"طَالِب","مغربي"
"ظِلّ","فصحى"
"ظِلّ","مصري"
"ظِلّ","شامي"
"ظِلّ","خليجي"
"ظِلّ","مغربي"
"ظَرْف","فصحى"
"ظَرْف","مصري"
"ظَرْف","شامي"
"ظَرْف","خليجي"
"ظَرْف","مغربي"
"ظَالِم","فصحى"
"ظَالِم","مصري"
"ظَالِم","شامي"
"ظَالِم","خليجي"
"ظَالِم","مغربي"
"عَيْن","فصحى"
"عَيْن","مصري"
"عَيْن","شامي"
"عَيْن","خليجي"
"عَيْن","مغربي"
"عَرَب","فصحى"
"عَرَب","مصري"
"عَرَب","شامي"
"عَرَب","خليجي"
"عَرَب","مغربي"
"عِلْم","فصحى"
"عِلْم","مصري"
"عِلْم","شامي"
"عِلْم","خليجي"
"عِلْم","مغربي"
"غُرَاب","فصحى"
"غُرَاب","مصري"
"غُرَاب","شامي"
"غُرَاب","خليجي"
"غُرَاب","مغربي"
"غَنَم","فصحى"
"غَنَم","مصري"
"غَنَم","شامي"
"غَنَم","خليجي"
"غَنَم","مغربي"
"غَائِب","فصحى"
"غَائِب","مصري"
"غَائِب","شامي"
"غَائِب","خليجي"
"غَائِب","مغربي"
"فِيل","فصحى"
"فِيل","مصري"
"فِيل","شامي"
"فِيل","خليجي"
"فِيل","مغربي"
"فَم","فصحى"
"فَم","مصري"
"فَم","شامي"
"فَم","خليجي"
"فَم","مغربي"
"فَرَاشَة","فصحى"
"فَرَاشَة","مصري"
"فَرَاشَة","شامي"
"فَرَاشَة","خليجي"
"فَرَاشَة","مغربي"
"قَلَم","فصحى"
"قَلَم","مصري"
"قَلَم","شامي"
"قَلَم","خليجي"
"قَلَم","مغربي"
"قَمَر","فصحى"
"قَمَر","مصري"
"قَمَر","شامي"
"قَمَر","خليجي"
"قَمَر","مغربي"
"قُرْآن","فصحى"
"قُرْآن","مصري"
"قُرْآن","شامي"
"قُرْآن","خليجي"
"قُرْآن","مغربي"
"كِتَاب","فصحى"
"كِتَاب","مصري"
"كِتَاب","شامي"
"كِتَاب","خليجي"
"كِتَاب","مغربي"
"كَلْب","فصحى"
"كَلْب","مصري"
"كَلْب","شامي"
"كَلْب","خليجي"
"كَلْب","مغربي"
"كُرْسِيّ","فصحى"
"كُرْسِيّ","مصري"
"كُرْسِيّ","شامي"
"كُرْسِيّ","خليجي"
"كُرْسِيّ","مغربي"
"لَيْل","فصحى"
"لَيْل","مصري"
"لَيْل","شامي"
"لَيْل","خليجي"
"لَيْل","مغربي"
"لَحْم","فصحى"
"لَحْم","مصري"
"لَحْم","شامي"
"لَحْم","خليجي"
"لَحْم","مغربي"
"لَبَن","فصحى"
"لَبَن","مصري"
"لَبَن","شامي"
"لَبَن","خليجي"
"لَبَن","مغربي"
"مَاء","فصحى"
"مَاء","مصري"
"مَاء","شامي"
"مَاء","خليجي"
"مَاء","مغربي"
"مَسْجِد","فصحى"
"مَسْجِد","مصري"
"مَسْجِد","شامي"
"مَسْجِد","خليجي"
"مَسْجِد","مغربي"
"مَلِك","فصحى"
"مَلِك","مصري"
"مَلِك","شامي"
"مَلِك","خليجي"
"مَلِك","مغربي"
"نَجْم","فصحى"
"نَجْم","مصري"
"نَجْم","شامي"
"نَجْم","خليجي"
"نَجْم","مغربي"
"نَار","فصحى"
"نَار","مصري"
"نَار","شامي"
"نَار","خليجي"
"نَار","مغربي"
"نُور","فصحى"
"نُور","مصري"
"نُور","شامي"
"نُور","خليجي"
"نُور","مغربي"
"هَدِيَّة","فصحى"
"هَدِيَّة","مصري"
"هَدِيَّة","شامي"
"هَدِيَّة","خليجي"
"هَدِيَّة","مغربي"
"هَذَا","فصحى"
"هَذَا","مصري"
"هَذَا","شامي"
"هَذَا","خليجي"
"هَذَا","مغربي"
"هُوَ","فصحى"
"هُوَ","مصري"
"هُوَ","شامي"
"هُوَ","خليجي"
"هُوَ","مغربي"
"وَرْد","فصحى"
"وَرْد","مصري"
"وَرْد","شامي"
"وَرْد","خليجي"
"وَرْد","مغربي"
"وَجْه","فصحى"
"وَجْه","مصري"
"وَجْه","شامي"
"وَجْه","خليجي"
"وَجْه","مغربي"
"وَقْت","فصحى"
"وَقْت","مصري"
"وَقْت","شامي"
"وَقْت","خليجي"
"وَقْت","مغربي"
"يَد","فصحى"
"يَد","مصري"
"يَد","شامي"
"يَد","خليجي"
"يَد","مغربي"
"يَوْم","فصحى"
"يَوْم","مصري"
"يَوْم","شامي"
"يَوْم","خليجي"
"يَوْم","مغربي"
"يَقِين","فصحى"
"يَقِين","مصري"
"يَقِين","شامي"
"يَقِين","خليجي"
"يَقِين","مغربي"